order_date,product_id,quantity,total_sales
1996-07-04,11,12,168.0
1996-07-04,42,10,98.00000190734863
1996-07-04,72,5,173.99999618530273
1996-07-05,14,9,167.40000343322754
1996-07-05,51,40,1696.0000610351562
1996-07-08,22,6,100.79999542236328
1996-07-08,41,10,76.99999809265137
1996-07-08,51,35,1484.0000534057617
1996-07-08,57,15,234.0000057220459
1996-07-08,65,35,587.9999732971191
1996-07-09,20,40,2592.0001220703125
1996-07-09,33,25,50.0
1996-07-09,60,40,1088.0000305175781
1996-07-10,31,20,200.0
1996-07-10,39,42,604.7999839782715
1996-07-10,49,40,640.0
1996-07-11,24,15,53.999998569488525
1996-07-11,55,21,403.2000160217285
1996-07-11,74,21,168.0
1996-07-12,2,20,303.99999618530273
1996-07-12,16,35,486.49998664855957
1996-07-12,36,25,379.9999952316284
1996-07-12,59,30,1320.0
1996-07-15,53,15,393.0000114440918
1996-07-15,77,12,124.79999542236328
1996-07-16,27,25,877.4999618530273
1996-07-16,39,6,86.39999771118164
1996-07-16,77,15,155.9999942779541
1996-07-17,2,50,759.9999904632568
1996-07-17,5,65,1105.0
1996-07-17,32,6,153.60000228881836
1996-07-18,21,10,80.0
1996-07-18,37,1,20.799999237060547
1996-07-19,21,20,160.0
1996-07-19,35,20,287.99999237060547
1996-07-19,41,16,123.19999694824219
1996-07-19,57,50,780.0000190734863
1996-07-19,62,15,591.0000228881836
1996-07-19,70,21,252.0
1996-07-22,5,12,204.0
1996-07-22,7,15,360.0
1996-07-22,56,2,60.79999923706055
1996-07-23,16,60,833.9999771118164
1996-07-23,24,28,100.79999732971191
1996-07-23,30,60,1242.0000457763672
1996-07-23,74,36,288.0
1996-07-24,2,35,531.9999933242798
1996-07-24,41,25,192.49999523162842
1996-07-25,17,30,936.0000228881836
1996-07-25,70,20,240.0
1996-07-26,12,12,364.7999954223633
1996-07-29,40,50,734.9999904632568
1996-07-29,59,70,3080.0
1996-07-29,76,15,215.9999942779541
1996-07-30,29,10,990.0
1996-07-30,72,4,111.19999694824219
1996-07-31,33,60,120.0
1996-07-31,72,20,555.9999847412109
1996-08-01,33,24,48.0
1996-08-01,36,30,455.9999942779541
1996-08-01,43,25,919.9999809265137
1996-08-02,20,6,388.8000183105469
1996-08-02,31,40,400.0
1996-08-02,72,24,667.1999816894531
1996-08-05,10,24,595.1999816894531
1996-08-05,31,15,150.0
1996-08-05,33,20,40.0
1996-08-05,40,60,881.9999885559082
1996-08-05,76,33,475.199987411499
1996-08-06,71,20,344.00001525878906
1996-08-06,72,7,194.59999465942383
1996-08-07,24,12,43.19999885559082
1996-08-07,59,6,264.0
1996-08-08,10,15,371.9999885559082
1996-08-08,13,10,48.00000190734863
1996-08-09,28,20,728.0000305175781
1996-08-09,62,12,472.8000183105469
1996-08-12,44,16,248.0
1996-08-12,59,15,660.0
1996-08-12,63,8,280.79998779296875
1996-08-12,73,25,300.0
1996-08-13,17,15,468.0000114440918
1996-08-14,19,1,7.300000190734863
1996-08-14,24,18,64.79999828338623
1996-08-14,35,4,57.599998474121094
1996-08-14,55,20,384.00001525878906
1996-08-14,75,30,185.9999942779541
1996-08-15,30,6,124.20000457763672
1996-08-15,57,2,31.200000762939453
1996-08-16,15,20,247.99999237060547
1996-08-16,19,18,131.40000343322754
1996-08-16,60,35,952.0000267028809
1996-08-16,72,3,83.39999771118164
1996-08-19,27,15,526.4999771118164
1996-08-19,44,21,325.5
1996-08-19,60,20,544.0000152587891
1996-08-19,67,5,55.999999046325684
1996-08-20,1,45,647.9999828338623
1996-08-20,40,40,587.9999923706055
1996-08-20,53,36,943.2000274658203
1996-08-21,35,100,1439.9999618530273
1996-08-21,62,40,1576.0000610351562
1996-08-22,16,40,555.9999847412109
1996-08-22,34,20,223.99999618530273
1996-08-22,46,15,144.0000057220459
1996-08-23,54,10,59.000000953674316
1996-08-23,68,3,30.0
1996-08-26,3,30,240.0
1996-08-26,64,9,239.40000343322754
1996-08-27,5,20,340.0
1996-08-27,13,20,96.00000381469727
1996-08-27,29,15,1485.0
1996-08-27,44,24,372.0
1996-08-27,49,15,240.0
1996-08-27,51,2,84.80000305175781
1996-08-27,77,10,103.99999618530273
1996-08-28,20,20,1296.0000610351562
1996-08-29,18,12,600.0
1996-08-29,24,10,35.999999046325684
1996-08-29,63,5,175.49999237060547
1996-08-29,75,6,37.19999885559082
1996-08-30,1,18,259.1999931335449
1996-08-30,17,15,468.0000114440918
1996-08-30,43,15,551.9999885559082
1996-08-30,60,21,571.2000160217285
1996-08-30,75,6,37.19999885559082
1996-09-02,56,4,121.5999984741211
1996-09-03,11,12,201.59999084472656
1996-09-03,16,30,416.9999885559082
1996-09-03,69,15,431.9999885559082
1996-09-04,39,60,863.9999771118164
1996-09-04,72,20,555.9999847412109
1996-09-05,2,40,607.9999923706055
1996-09-05,36,40,607.9999923706055
1996-09-05,59,30,1320.0
1996-09-05,62,15,591.0000228881836
1996-09-06,19,15,109.50000286102295
1996-09-06,70,20,240.0
1996-09-09,40,10,146.99999809265137
1996-09-09,56,20,607.9999923706055
1996-09-09,66,30,408.0000114440918
1996-09-09,68,20,200.0
1996-09-10,17,40,1248.0000305175781
1996-09-10,28,28,1019.2000427246094
1996-09-10,43,12,441.59999084472656
1996-09-11,40,40,587.9999923706055
1996-09-11,65,30,503.9999771118164
1996-09-11,68,15,150.0
1996-09-12,49,30,480.0
1996-09-12,59,10,440.0
1996-09-12,71,2,34.400001525878906
1996-09-13,18,25,1250.0
1996-09-13,29,25,2475.0
1996-09-13,39,30,431.9999885559082
1996-09-16,30,10,207.00000762939453
1996-09-16,53,10,262.00000762939453
1996-09-16,54,5,29.500000476837158
1996-09-17,62,10,394.00001525878906
1996-09-17,68,3,30.0
1996-09-18,69,1,28.799999237060547
1996-09-18,70,5,60.0
1996-09-19,4,20,352.00000762939453
1996-09-19,6,30,600.0
1996-09-19,42,2,22.399999618530273
1996-09-19,43,20,735.9999847412109
1996-09-19,71,3,51.60000228881836
1996-09-20,16,10,138.99999618530273
1996-09-20,42,6,67.19999885559082
1996-09-20,62,5,197.00000762939453
1996-09-20,69,7,201.59999465942383
1996-09-23,28,4,145.60000610351562
1996-09-23,43,24,883.1999816894531
1996-09-23,53,20,524.0000152587891
1996-09-23,75,10,61.99999809265137
1996-09-24,36,12,182.39999771118164
1996-09-25,32,40,1024.000015258789
1996-09-25,58,30,318.0000114440918
1996-09-25,62,25,985.0000381469727
1996-09-26,34,14,156.7999973297119
1996-09-26,70,30,360.0
1996-09-27,41,10,76.99999809265137
1996-09-27,62,70,2758.0001068115234
1996-09-30,1,20,287.99999237060547
1996-10-01,41,20,153.99999618530273
1996-10-01,76,6,86.39999771118164
1996-10-02,17,8,249.60000610351562
1996-10-02,28,14,509.6000213623047
1996-10-02,76,30,431.9999885559082
1996-10-03,35,10,143.99999618530273
1996-10-03,71,30,516.0000228881836
1996-10-04,52,20,111.99999809265137
1996-10-07,15,5,61.99999809265137
1996-10-07,25,4,44.79999923706055
1996-10-07,39,4,57.599998474121094
1996-10-08,16,21,291.89999198913574
1996-10-08,35,70,1007.9999732971191
1996-10-08,46,30,288.0000114440918
1996-10-08,59,40,1760.0
1996-10-08,63,80,2807.9998779296875
1996-10-09,6,6,120.0
1996-10-09,13,12,57.60000228881836
1996-10-09,14,9,167.40000343322754
1996-10-09,31,4,40.0
1996-10-09,72,40,1111.9999694824219
1996-10-10,4,24,422.40000915527344
1996-10-10,57,16,249.60000610351562
1996-10-10,75,50,309.99999046325684
1996-10-11,2,25,379.9999952316284
1996-10-11,11,50,839.9999618530273
1996-10-11,30,35,724.5000267028809
1996-10-11,58,30,318.0000114440918
1996-10-14,59,9,396.0
1996-10-14,65,40,671.9999694824219
1996-10-14,68,10,100.0
1996-10-15,19,10,73.00000190734863
1996-10-15,30,8,165.60000610351562
1996-10-15,38,20,4216.000061035156
1996-10-15,56,12,364.7999954223633
1996-10-16,26,50,1244.9999809265137
1996-10-16,54,15,88.50000143051147
1996-10-16,72,25,694.9999809265137
1996-10-17,18,40,2000.0
1996-10-17,42,10,111.99999809265137
1996-10-17,47,16,121.5999984741211
1996-10-18,14,10,186.00000381469727
1996-10-18,21,10,80.0
1996-10-18,71,40,688.0000305175781
1996-10-21,52,8,44.79999923706055
1996-10-21,68,10,100.0
1996-10-22,2,7,106.39999866485596
1996-10-22,31,25,250.0
1996-10-22,32,6,153.60000228881836
1996-10-22,51,48,2035.2000732421875
1996-10-23,4,18,316.8000068664551
1996-10-24,23,40,287.99999237060547
1996-10-24,26,24,597.5999908447266
1996-10-24,36,20,303.99999618530273
1996-10-24,37,28,582.3999786376953
1996-10-24,72,25,694.9999809265137
1996-10-25,17,20,624.0000152587891
1996-10-25,30,15,310.5000114440918
1996-10-28,4,10,176.00000381469727
1996-10-28,17,70,2184.0000534057617
1996-10-28,62,28,1103.2000427246094
1996-10-29,18,20,1000.0
1996-10-29,33,8,16.0
1996-10-29,41,12,92.39999771118164
1996-10-29,43,40,1471.9999694824219
1996-10-29,59,9,396.0
1996-10-30,2,24,364.7999954223633
1996-10-30,31,56,560.0
1996-10-30,36,40,607.9999923706055
1996-10-30,55,40,768.0000305175781
1996-10-31,64,50,1330.0000190734863
1996-10-31,68,4,40.0
1996-10-31,76,15,215.9999942779541
1996-11-01,4,35,616.0000133514404
1996-11-01,8,70,2240.0
1996-11-04,8,70,2240.0
1996-11-04,19,80,584.0000152587891
1996-11-04,42,9,100.79999828338623
1996-11-05,17,36,1123.2000274658203
1996-11-05,56,20,607.9999923706055
1996-11-06,25,10,111.99999809265137
1996-11-06,39,50,719.9999809265137
1996-11-06,40,4,58.79999923706055
1996-11-06,75,6,37.19999885559082
1996-11-07,1,15,215.9999942779541
1996-11-07,23,25,179.99999523162842
1996-11-08,54,24,141.60000228881836
1996-11-11,38,20,4216.000061035156
1996-11-11,41,13,100.09999752044678
1996-11-11,44,77,1193.5
1996-11-11,50,15,195.0
1996-11-11,65,10,167.99999237060547
1996-11-11,69,18,518.3999862670898
1996-11-12,24,10,35.999999046325684
1996-11-12,54,20,118.00000190734863
1996-11-13,11,12,201.59999084472656
1996-11-13,38,50,10540.00015258789
1996-11-14,1,12,172.79999542236328
1996-11-14,29,4,396.0
1996-11-15,24,25,89.99999761581421
1996-11-15,57,25,390.00000953674316
1996-11-18,31,30,300.0
1996-11-18,55,12,230.40000915527344
1996-11-18,69,20,575.9999847412109
1996-11-19,10,30,743.9999771118164
1996-11-19,26,16,398.3999938964844
1996-11-19,60,8,217.60000610351562
1996-11-20,24,10,35.999999046325684
1996-11-20,34,10,111.99999809265137
1996-11-20,36,20,303.99999618530273
1996-11-21,16,56,778.3999786376953
1996-11-21,31,70,700.0
1996-11-21,60,80,2176.0000610351562
1996-11-22,28,30,1092.0000457763672
1996-11-22,29,35,3465.0
1996-11-22,38,10,2108.000030517578
1996-11-22,39,54,777.5999794006348
1996-11-22,49,35,560.0
1996-11-22,54,28,165.2000026702881
1996-11-22,60,55,1496.00004196167
1996-11-25,25,50,559.9999904632568
1996-11-25,51,20,848.0000305175781
1996-11-25,54,24,141.60000228881836
1996-11-26,31,20,200.0
1996-11-26,69,30,863.9999771118164
1996-11-26,71,5,86.00000381469727
1996-11-26,75,12,74.39999771118164
1996-11-26,76,12,172.79999542236328
1996-11-27,11,24,403.1999816894531
1996-11-28,34,36,403.1999931335449
1996-11-28,54,18,106.20000171661377
1996-11-28,65,20,335.99998474121094
1996-11-28,77,12,124.79999542236328
1996-11-29,21,5,40.0
1996-11-29,28,13,473.2000198364258
1996-11-29,57,25,390.00000953674316
1996-11-29,64,35,931.0000133514404
1996-12-02,29,20,1980.0
1996-12-02,56,18,547.1999931335449
1996-12-03,1,15,215.9999942779541
1996-12-03,36,6,91.19999885559082
1996-12-03,64,30,798.0000114440918
1996-12-03,74,20,160.0
1996-12-04,20,12,777.6000366210938
1996-12-04,38,40,8432.000122070312
1996-12-04,60,70,1904.0000534057617
1996-12-04,72,42,1167.599967956543
1996-12-05,31,30,300.0
1996-12-05,58,95,1007.000036239624
1996-12-05,71,50,860.0000381469727
1996-12-06,14,15,279.0000057220459
1996-12-06,54,10,59.000000953674316
1996-12-09,28,20,728.0000305175781
1996-12-09,31,42,420.0
1996-12-09,39,20,287.99999237060547
1996-12-10,71,6,103.20000457763672
1996-12-11,41,8,61.599998474121094
1996-12-11,63,16,561.5999755859375
1996-12-11,65,20,335.99998474121094
1996-12-12,30,18,372.60001373291016
1996-12-12,53,20,524.0000152587891
1996-12-12,60,6,163.20000457763672
1996-12-12,70,30,360.0
1996-12-12,74,14,112.0
1996-12-13,5,32,544.0
1996-12-13,18,9,450.0
1996-12-13,29,14,1386.0
1996-12-13,33,60,120.0
1996-12-13,74,50,400.0
1996-12-16,13,20,96.00000381469727
1996-12-16,20,28,1814.4000854492188
1996-12-16,50,15,195.0
1996-12-16,56,20,607.9999923706055
1996-12-16,60,15,408.0000114440918
1996-12-17,7,10,240.0
1996-12-17,60,20,544.0000152587891
1996-12-17,68,8,80.0
1996-12-18,24,30,107.99999713897705
1996-12-18,28,6,218.40000915527344
1996-12-18,34,10,111.99999809265137
1996-12-18,59,12,528.0
1996-12-18,71,15,258.0000114440918
1996-12-19,45,15,113.99999856948853
1996-12-19,52,20,111.99999809265137
1996-12-19,53,40,1048.0000305175781
1996-12-20,10,16,396.79998779296875
1996-12-20,55,15,288.0000114440918
1996-12-20,62,20,788.0000305175781
1996-12-20,70,30,360.0
1996-12-23,13,18,86.40000343322754
1996-12-23,31,60,600.0
1996-12-23,35,40,575.9999847412109
1996-12-23,46,45,432.0000171661377
1996-12-23,72,24,667.1999816894531
1996-12-24,69,50,1439.9999618530273
1996-12-25,2,25,379.9999952316284
1996-12-25,13,10,48.00000190734863
1996-12-25,14,42,781.2000160217285
1996-12-25,25,7,78.39999866485596
1996-12-25,26,70,1742.9999732971191
1996-12-25,31,32,320.0
1996-12-25,62,10,394.00001525878906
1996-12-26,46,28,268.80001068115234
1996-12-26,53,70,1834.0000534057617
1996-12-26,69,8,230.39999389648438
1996-12-27,21,10,80.0
1996-12-27,23,40,287.99999237060547
1996-12-27,51,18,763.2000274658203
1996-12-27,71,60,1032.0000457763672
1996-12-27,72,21,583.7999839782715
1996-12-30,35,30,431.9999885559082
1996-12-30,55,120,2304.0000915527344
1996-12-31,68,60,600.0
1996-12-31,71,30,516.0000228881836
1996-12-31,76,35,503.99998664855957
1996-12-31,77,14,145.59999465942383
1997-01-01,29,21,2079.0
1997-01-01,30,18,372.60001373291016
1997-01-01,35,35,503.99998664855957
1997-01-01,49,30,480.0
1997-01-01,56,70,2127.999973297119
1997-01-01,65,20,335.99998474121094
1997-01-01,71,60,1032.0000457763672
1997-01-02,23,60,431.9999885559082
1997-01-02,63,65,2281.499900817871
1997-01-03,16,21,291.89999198913574
1997-01-03,26,30,746.9999885559082
1997-01-03,42,40,447.99999237060547
1997-01-03,48,70,713.9999866485596
1997-01-03,49,30,480.0
1997-01-06,3,50,400.0
1997-01-07,1,10,143.99999618530273
1997-01-07,11,30,503.9999771118164
1997-01-07,21,30,240.0
1997-01-07,28,42,1528.800064086914
1997-01-07,36,5,75.99999904632568
1997-01-07,40,2,29.399999618530273
1997-01-07,69,15,431.9999885559082
1997-01-07,71,15,258.0000114440918
1997-01-08,37,10,207.99999237060547
1997-01-08,54,6,35.40000057220459
1997-01-08,62,35,1379.0000534057617
1997-01-09,14,12,223.20000457763672
1997-01-09,21,12,96.0
1997-01-10,33,49,98.0
1997-01-10,41,25,192.49999523162842
1997-01-10,44,40,620.0
1997-01-10,59,25,1100.0
1997-01-13,14,20,372.00000762939453
1997-01-14,1,24,345.59999084472656
1997-01-14,19,18,131.40000343322754
1997-01-14,33,50,100.0
1997-01-14,62,40,1576.0000610351562
1997-01-14,76,14,201.59999465942383
1997-01-15,17,2,62.400001525878906
1997-01-15,33,20,40.0
1997-01-16,19,20,146.00000381469727
1997-01-16,38,50,10540.00015258789
1997-01-16,46,2,19.200000762939453
1997-01-16,53,10,262.00000762939453
1997-01-16,57,20,312.00000762939453
1997-01-16,68,36,360.0
1997-01-16,77,35,363.99998664855957
1997-01-17,2,60,911.9999885559082
1997-01-17,47,55,417.99999475479126
1997-01-17,61,16,364.79998779296875
1997-01-17,74,15,120.0
1997-01-20,60,60,1632.0000457763672
1997-01-20,69,20,575.9999847412109
1997-01-21,9,20,1551.9999694824219
1997-01-21,13,2,9.600000381469727
1997-01-21,19,4,29.200000762939453
1997-01-21,26,30,746.9999885559082
1997-01-21,53,15,393.0000114440918
1997-01-21,70,8,96.0
1997-01-21,73,20,240.0
1997-01-21,77,10,103.99999618530273
1997-01-22,26,2,49.79999923706055
1997-01-23,31,14,140.0
1997-01-23,35,60,863.9999771118164
1997-01-23,38,49,10329.200149536133
1997-01-23,59,20,880.0
1997-01-23,68,30,300.0
1997-01-24,55,10,192.00000762939453
1997-01-24,76,20,287.99999237060547
1997-01-27,14,35,651.0000133514404
1997-01-27,56,5,151.99999809265137
1997-01-27,64,7,186.2000026702881
1997-01-28,46,20,192.00000762939453
1997-01-29,50,40,520.0
1997-01-29,63,35,1228.4999465942383
1997-01-30,17,95,2964.000072479248
1997-01-30,21,50,400.0
1997-01-30,40,50,734.9999904632568
1997-01-30,47,30,227.99999713897705
1997-01-30,56,30,911.9999885559082
1997-01-30,59,70,3080.0
1997-01-31,26,10,248.99999618530273
1997-01-31,54,40,236.00000381469727
1997-02-03,11,6,100.79999542236328
1997-02-03,56,28,851.1999893188477
1997-02-03,76,18,259.1999931335449
1997-02-04,2,10,151.99999809265137
1997-02-04,22,12,201.59999084472656
1997-02-04,72,10,277.99999237060547
1997-02-05,46,5,48.00000190734863
1997-02-05,53,15,393.0000114440918
1997-02-05,56,40,1215.999984741211
1997-02-05,64,30,798.0000114440918
1997-02-05,75,24,148.79999542236328
1997-02-06,19,15,109.50000286102295
1997-02-06,34,20,223.99999618530273
1997-02-06,57,15,234.0000057220459
1997-02-07,12,15,455.9999942779541
1997-02-07,16,16,222.39999389648438
1997-02-07,64,6,159.60000228881836
1997-02-07,74,30,240.0
1997-02-10,2,45,683.9999914169312
1997-02-10,16,49,681.0999813079834
1997-02-10,27,50,1754.9999237060547
1997-02-10,29,24,2376.0
1997-02-10,61,90,2051.999931335449
1997-02-11,11,30,503.9999771118164
1997-02-11,54,80,472.00000762939453
1997-02-11,66,60,816.0000228881836
1997-02-12,11,6,100.79999542236328
1997-02-12,17,10,312.00000762939453
1997-02-12,26,15,373.4999942779541
1997-02-12,28,12,436.8000183105469
1997-02-12,35,8,115.19999694824219
1997-02-12,41,30,230.9999942779541
1997-02-13,39,6,86.39999771118164
1997-02-13,54,15,88.50000143051147
1997-02-14,19,52,379.6000099182129
1997-02-14,24,20,71.99999809265137
1997-02-14,31,3,30.0
1997-02-14,52,15,83.99999856948853
1997-02-14,65,35,587.9999732971191
1997-02-14,71,2,34.400001525878906
1997-02-17,26,6,149.39999771118164
1997-02-17,40,20,293.99999618530273
1997-02-18,10,14,347.19998931884766
1997-02-18,52,20,111.99999809265137
1997-02-18,62,35,1379.0000534057617
1997-02-19,10,20,495.99998474121094
1997-02-19,54,6,35.40000057220459
1997-02-19,55,120,2304.0000915527344
1997-02-19,64,35,931.0000133514404
1997-02-19,65,28,470.3999786376953
1997-02-19,77,55,571.999979019165
1997-02-20,28,15,546.0000228881836
1997-02-20,44,100,1550.0
1997-02-21,16,20,277.99999237060547
1997-02-21,33,20,40.0
1997-02-21,46,10,96.00000381469727
1997-02-21,48,15,152.99999713897705
1997-02-21,70,25,300.0
1997-02-24,39,20,287.99999237060547
1997-02-24,53,50,1310.0000381469727
1997-02-24,61,25,569.9999809265137
1997-02-24,71,30,516.0000228881836
1997-02-25,21,40,320.0
1997-02-25,49,21,336.0
1997-02-25,59,36,1584.0
1997-02-26,26,30,746.9999885559082
1997-02-26,28,30,1092.0000457763672
1997-02-26,43,20,735.9999847412109
1997-02-26,56,15,455.9999942779541
1997-02-26,71,50,860.0000381469727
1997-02-27,7,16,384.0
1997-02-27,46,20,192.00000762939453
1997-02-27,72,40,1111.9999694824219
1997-02-28,21,40,320.0
1997-02-28,30,28,579.6000213623047
1997-02-28,55,60,1152.0000457763672
1997-02-28,68,21,210.0
1997-02-28,75,4,24.799999237060547
1997-03-03,13,1,4.800000190734863
1997-03-03,23,21,151.19999599456787
1997-03-04,4,16,281.6000061035156
1997-03-04,19,21,153.30000400543213
1997-03-04,42,50,559.9999904632568
1997-03-04,43,3,110.39999771118164
1997-03-04,56,30,911.9999885559082
1997-03-04,60,20,544.0000152587891
1997-03-05,24,25,89.99999761581421
1997-03-05,29,18,1782.0
1997-03-05,40,20,293.99999618530273
1997-03-05,45,30,227.99999713897705
1997-03-05,50,25,325.0
1997-03-06,11,10,167.99999237060547
1997-03-06,24,28,100.79999732971191
1997-03-06,25,12,134.39999771118164
1997-03-06,46,5,48.00000190734863
1997-03-07,30,8,165.60000610351562
1997-03-07,43,15,551.9999885559082
1997-03-10,2,40,607.9999923706055
1997-03-10,16,35,486.49998664855957
1997-03-10,44,2,31.0
1997-03-11,7,30,720.0
1997-03-11,18,30,1500.0
1997-03-11,23,15,107.99999713897705
1997-03-11,56,20,607.9999923706055
1997-03-11,64,8,212.8000030517578
1997-03-12,24,80,287.99999237060547
1997-03-12,51,18,763.2000274658203
1997-03-13,14,12,223.20000457763672
1997-03-13,28,18,655.2000274658203
1997-03-13,33,12,24.0
1997-03-13,40,21,308.69999599456787
1997-03-13,71,12,206.40000915527344
1997-03-13,75,10,61.99999809265137
1997-03-14,31,35,350.0
1997-03-14,66,60,816.0000228881836
1997-03-14,76,42,604.7999839782715
1997-03-17,1,15,215.9999942779541
1997-03-17,21,21,168.0
1997-03-17,39,20,287.99999237060547
1997-03-17,55,2,38.400001525878906
1997-03-17,70,12,144.0
1997-03-18,10,20,495.99998474121094
1997-03-19,38,30,6324.000091552734
1997-03-19,53,28,733.6000213623047
1997-03-19,59,60,2640.0
1997-03-19,64,30,798.0000114440918
1997-03-20,47,30,227.99999713897705
1997-03-20,49,24,384.0
1997-03-20,59,12,528.0
1997-03-20,60,40,1088.0000305175781
1997-03-21,40,10,146.99999809265137
1997-03-24,21,14,112.0
1997-03-24,34,35,391.9999933242798
1997-03-24,40,10,146.99999809265137
1997-03-24,51,3,127.20000457763672
1997-03-24,77,30,311.9999885559082
1997-03-25,2,20,303.99999618530273
1997-03-25,3,20,160.0
1997-03-25,55,30,576.0000228881836
1997-03-25,70,60,720.0
1997-03-26,11,5,83.99999618530273
1997-03-26,19,5,36.500000953674316
1997-03-26,26,30,746.9999885559082
1997-03-26,51,25,1060.0000381469727
1997-03-26,54,24,141.60000228881836
1997-03-26,74,16,128.0
1997-03-27,59,30,1320.0
1997-03-27,73,20,240.0
1997-03-28,11,15,251.9999885559082
1997-03-28,16,18,250.19999313354492
1997-03-31,44,15,232.5
1997-03-31,59,60,2640.0
1997-03-31,68,30,300.0
1997-03-31,75,36,223.19999313354492
1997-03-31,77,7,72.79999732971191
1997-04-01,25,60,671.9999885559082
1997-04-01,42,20,223.99999618530273
1997-04-02,56,30,911.9999885559082
1997-04-02,65,15,251.9999885559082
1997-04-02,66,10,136.00000381469727
1997-04-02,69,10,287.99999237060547
1997-04-03,23,10,71.99999809265137
1997-04-03,41,20,153.99999618530273
1997-04-03,77,5,51.99999809265137
1997-04-04,31,20,200.0
1997-04-04,56,14,425.5999946594238
1997-04-04,72,25,694.9999809265137
1997-04-04,77,25,259.99999046325684
1997-04-07,24,14,63.0
1997-04-07,40,5,91.99999809265137
1997-04-07,42,30,420.0
1997-04-08,28,20,911.9999694824219
1997-04-08,49,25,500.0
1997-04-09,15,12,186.0
1997-04-09,28,8,364.79998779296875
1997-04-09,54,20,148.99999618530273
1997-04-10,45,21,199.5
1997-04-10,53,6,196.79999542236328
1997-04-10,67,30,420.0
1997-04-11,2,12,228.0
1997-04-11,14,70,1627.5
1997-04-11,21,12,120.0
1997-04-11,53,10,327.99999237060547
1997-04-11,61,25,712.5
1997-04-11,65,20,420.99998474121094
1997-04-14,62,3,147.89999771118164
1997-04-15,25,18,252.0
1997-04-15,43,15,690.0
1997-04-15,48,15,191.25
1997-04-15,70,14,210.0
1997-04-16,13,10,60.0
1997-04-16,39,10,180.0
1997-04-17,28,3,136.79999542236328
1997-04-18,4,50,1100.0
1997-04-18,7,50,1500.0
1997-04-18,8,10,400.0
1997-04-18,29,36,4456.440032958984
1997-04-18,75,36,279.0
1997-04-21,24,10,45.0
1997-04-21,46,9,108.0
1997-04-21,47,6,57.0
1997-04-21,60,12,408.0
1997-04-22,20,39,3159.0
1997-04-22,21,40,400.0
1997-04-22,28,35,1595.9999465942383
1997-04-22,32,50,1600.0
1997-04-22,56,70,2660.0
1997-04-22,61,15,427.5
1997-04-22,65,39,820.9499702453613
1997-04-22,75,50,387.5
1997-04-23,9,16,1552.0
1997-04-23,16,50,872.5000381469727
1997-04-23,27,120,5268.000183105469
1997-04-23,33,16,40.0
1997-04-23,60,84,2856.0
1997-04-24,18,25,1562.5
1997-04-24,41,80,771.9999694824219
1997-04-24,42,20,280.0
1997-04-24,52,6,42.0
1997-04-24,59,4,220.0
1997-04-24,70,6,90.0
1997-04-25,24,5,22.5
1997-04-25,38,15,3952.5
1997-04-25,44,9,175.05000686645508
1997-04-28,10,16,496.0
1997-04-28,56,40,1520.0
1997-04-28,60,10,340.0
1997-04-29,24,8,36.0
1997-04-29,35,3,54.0
1997-04-29,41,10,96.49999618530273
1997-04-29,53,5,163.99999618530273
1997-04-29,68,6,75.0
1997-04-30,1,40,720.0
1997-04-30,8,24,960.0
1997-04-30,30,20,517.7999877929688
1997-04-30,40,25,459.99999046325684
1997-05-01,10,2,62.0
1997-05-01,17,25,975.0
1997-05-01,20,15,1215.0
1997-05-01,30,10,258.8999938964844
1997-05-01,37,18,468.0
1997-05-01,41,6,57.89999771118164
1997-05-01,43,60,2760.0
1997-05-01,54,15,111.74999713897705
1997-05-02,36,30,570.0
1997-05-02,40,15,275.9999942779541
1997-05-05,1,8,144.0
1997-05-05,4,50,1100.0
1997-05-05,13,10,60.0
1997-05-05,36,30,570.0
1997-05-05,56,30,1140.0
1997-05-06,11,3,63.0
1997-05-06,33,8,20.0
1997-05-06,72,9,313.1999931335449
1997-05-07,55,14,336.0
1997-05-07,68,20,250.0
1997-05-07,69,10,360.0
1997-05-08,17,40,1560.0
1997-05-08,43,25,1150.0
1997-05-08,59,2,110.0
1997-05-08,61,20,570.0
1997-05-08,76,50,900.0
1997-05-09,30,15,388.34999084472656
1997-05-09,66,24,408.0
1997-05-12,4,50,1100.0
1997-05-12,30,10,258.8999938964844
1997-05-12,40,10,183.99999618530273
1997-05-12,54,10,74.49999809265137
1997-05-12,72,24,835.1999816894531
1997-05-12,73,24,360.0
1997-05-13,11,50,1050.0
1997-05-13,40,10,183.99999618530273
1997-05-13,57,5,97.5
1997-05-13,59,15,825.0
1997-05-14,12,15,570.0
1997-05-14,31,50,625.0
1997-05-14,33,30,75.0
1997-05-14,51,6,318.0
1997-05-14,58,20,265.0
1997-05-14,60,35,1190.0
1997-05-14,72,21,730.7999839782715
1997-05-14,73,9,135.0
1997-05-15,70,7,105.0
1997-05-15,72,1,34.79999923706055
1997-05-16,13,8,48.0
1997-05-16,21,15,150.0
1997-05-16,33,15,37.5
1997-05-16,49,6,120.0
1997-05-19,3,60,600.0
1997-05-19,24,35,157.5
1997-05-19,26,40,1249.1999816894531
1997-05-19,38,34,8959.0
1997-05-19,65,36,757.7999725341797
1997-05-19,68,35,437.5
1997-05-19,71,9,193.5
1997-05-20,11,15,315.0
1997-05-20,54,24,178.79999542236328
1997-05-21,12,30,1140.0
1997-05-21,23,70,630.0
1997-05-21,28,7,319.19998931884766
1997-05-21,67,7,98.0
1997-05-22,11,10,210.0
1997-05-23,7,10,300.0
1997-05-23,32,24,768.0
1997-05-23,35,30,540.0
1997-05-23,36,60,1140.0
1997-05-23,62,40,1971.9999694824219
1997-05-26,34,10,140.0
1997-05-26,41,14,135.09999465942383
1997-05-27,31,55,687.5
1997-05-27,45,100,950.0
1997-05-27,51,48,2544.0
1997-05-28,16,40,698.0000305175781
1997-05-28,17,8,312.0
1997-05-28,19,10,91.99999809265137
1997-05-28,21,6,60.0
1997-05-28,35,20,360.0
1997-05-28,44,40,778.0000305175781
1997-05-28,61,10,285.0
1997-05-29,69,18,648.0
1997-05-29,75,30,232.5
1997-05-30,11,15,315.0
1997-05-30,16,44,767.8000335693359
1997-05-30,22,24,504.0
1997-05-30,23,20,180.0
1997-05-30,31,30,375.0
1997-05-30,35,6,108.0
1997-05-30,62,20,985.9999847412109
1997-05-30,77,10,130.0
1997-06-02,14,30,697.5
1997-06-02,19,35,321.9999933242798
1997-06-02,24,18,81.0
1997-06-02,51,20,1060.0
1997-06-02,56,40,1520.0
1997-06-03,64,30,997.5
1997-06-03,72,24,835.1999816894531
1997-06-03,75,20,155.0
1997-06-04,47,25,237.5
1997-06-04,51,20,1060.0
1997-06-04,52,30,210.0
1997-06-04,53,18,590.3999862670898
1997-06-04,73,3,45.0
1997-06-05,41,12,115.79999542236328
1997-06-05,55,18,432.0
1997-06-06,30,20,517.7999877929688
1997-06-06,44,10,194.50000762939453
1997-06-06,51,50,2650.0
1997-06-06,62,15,739.4999885559082
1997-06-09,33,20,50.0
1997-06-09,62,10,492.99999237060547
1997-06-10,17,16,624.0
1997-06-10,31,6,75.0
1997-06-10,36,25,475.0
1997-06-10,52,70,490.0
1997-06-10,55,25,600.0
1997-06-11,24,25,112.5
1997-06-11,64,18,598.5
1997-06-12,11,35,735.0
1997-06-12,18,18,1125.0
1997-06-12,31,60,750.0
1997-06-12,51,3,159.0
1997-06-12,59,40,2200.0
1997-06-12,76,10,180.0
1997-06-13,10,5,155.0
1997-06-16,31,35,437.5
1997-06-16,76,30,540.0
1997-06-17,11,15,315.0
1997-06-17,14,11,255.75
1997-06-17,42,28,392.0
1997-06-17,56,60,2280.0
1997-06-18,16,12,209.40000915527344
1997-06-18,32,10,320.0
1997-06-18,40,50,919.9999809265137
1997-06-18,75,15,116.25
1997-06-19,17,18,702.0
1997-06-19,33,14,35.0
1997-06-19,34,40,560.0
1997-06-19,40,2,36.79999923706055
1997-06-19,53,25,819.9999809265137
1997-06-19,62,10,492.99999237060547
1997-06-19,64,6,199.5
1997-06-20,59,12,660.0
1997-06-20,63,6,263.40000915527344
1997-06-20,72,30,1043.9999771118164
1997-06-20,76,10,180.0
1997-06-23,1,10,180.0
1997-06-23,31,20,250.0
1997-06-23,39,10,180.0
1997-06-23,44,21,408.4500160217285
1997-06-23,75,20,155.0
1997-06-23,77,18,234.0
1997-06-24,35,20,360.0
1997-06-24,57,6,117.0
1997-06-25,15,10,155.0
1997-06-25,75,21,162.75
1997-06-26,14,15,348.75
1997-06-26,41,9,86.84999656677246
1997-06-26,65,30,631.4999771118164
1997-06-26,75,50,387.5
1997-06-27,57,4,78.0
1997-06-27,76,14,252.0
1997-06-30,29,10,1237.9000091552734
1997-06-30,31,50,625.0
1997-06-30,60,24,816.0
1997-06-30,69,10,360.0
1997-07-01,47,15,142.5
1997-07-02,26,6,187.37999725341797
1997-07-02,35,20,360.0
1997-07-02,52,4,28.0
1997-07-02,77,20,260.0
1997-07-03,18,40,2500.0
1997-07-03,42,100,1400.0
1997-07-04,35,4,72.0
1997-07-07,1,20,360.0
1997-07-07,3,14,140.0
1997-07-07,7,10,300.0
1997-07-07,54,50,372.49999046325684
1997-07-07,77,60,780.0
1997-07-08,15,25,387.5
1997-07-08,26,5,156.14999771118164
1997-07-09,20,21,1701.0
1997-07-09,52,24,168.0
1997-07-09,58,30,397.5
1997-07-09,69,20,720.0
1997-07-09,76,4,72.0
1997-07-10,35,30,540.0
1997-07-10,61,120,3420.0
1997-07-10,69,65,2340.0
1997-07-11,24,35,157.5
1997-07-11,56,5,190.0
1997-07-11,57,20,390.0
1997-07-11,63,24,1053.6000366210938
1997-07-11,65,12,252.59999084472656
1997-07-11,75,30,232.5
1997-07-14,27,50,2195.0000762939453
1997-07-14,71,9,193.5
1997-07-15,62,10,492.99999237060547
1997-07-16,13,60,360.0
1997-07-16,54,4,29.799999237060547
1997-07-16,59,35,1925.0
1997-07-16,73,30,450.0
1997-07-17,77,5,65.0
1997-07-18,22,48,1008.0
1997-07-18,48,6,76.5
1997-07-18,49,25,500.0
1997-07-18,76,10,180.0
1997-07-21,16,30,523.5000228881836
1997-07-21,59,20,1100.0
1997-07-21,60,70,2380.0
1997-07-21,71,15,322.5
1997-07-22,4,20,440.0
1997-07-22,7,45,1350.0
1997-07-22,17,100,3900.0
1997-07-22,33,14,35.0
1997-07-22,40,42,772.7999839782715
1997-07-22,55,20,480.0
1997-07-22,62,10,492.99999237060547
1997-07-22,72,12,417.59999084472656
1997-07-23,56,28,1064.0
1997-07-24,1,3,54.0
1997-07-24,10,10,310.0
1997-07-24,21,6,60.0
1997-07-25,1,6,108.0
1997-07-25,2,10,190.0
1997-07-25,36,21,399.0
1997-07-25,60,15,510.0
1997-07-28,10,70,2170.0
1997-07-28,36,55,1045.0
1997-07-28,49,18,360.0
1997-07-28,60,40,1360.0
1997-07-28,76,80,1440.0
1997-07-29,11,14,294.0
1997-07-29,13,8,48.0
1997-07-29,21,8,80.0
1997-07-29,39,5,90.0
1997-07-29,75,40,310.0
1997-07-30,55,5,120.0
1997-07-31,38,15,3952.5
1997-07-31,56,14,532.0
1997-07-31,59,30,1650.0
1997-07-31,70,15,225.0
1997-07-31,71,15,322.5
1997-08-01,6,70,1750.0
1997-08-01,56,20,760.0
1997-08-01,68,15,187.5
1997-08-04,21,42,420.0
1997-08-04,22,40,840.0
1997-08-05,19,5,45.999999046325684
1997-08-05,23,10,90.0
1997-08-05,24,5,22.5
1997-08-05,52,5,35.0
1997-08-05,70,20,300.0
1997-08-05,71,15,322.5
1997-08-06,2,20,380.0
1997-08-06,68,18,225.0
1997-08-07,14,21,488.25
1997-08-07,19,15,137.99999713897705
1997-08-07,21,25,250.0
1997-08-07,24,3,13.5
1997-08-07,28,10,455.99998474121094
1997-08-07,29,6,742.7400054931641
1997-08-07,35,30,540.0
1997-08-07,44,10,194.50000762939453
1997-08-08,14,3,69.75
1997-08-08,42,5,70.0
1997-08-08,60,10,340.0
1997-08-11,53,12,393.59999084472656
1997-08-11,60,20,680.0
1997-08-11,62,15,739.4999885559082
1997-08-11,71,20,430.0
1997-08-11,73,35,525.0
1997-08-12,1,25,450.0
1997-08-12,29,20,2475.800018310547
1997-08-12,64,9,299.25
1997-08-13,55,12,288.0
1997-08-13,76,35,630.0
1997-08-14,2,30,570.0
1997-08-14,33,20,50.0
1997-08-14,75,8,62.0
1997-08-15,7,35,1050.0
1997-08-15,12,36,1368.0
1997-08-15,13,13,78.0
1997-08-15,18,50,3125.0
1997-08-15,26,35,1093.0499839782715
1997-08-15,51,15,795.0
1997-08-15,62,80,3943.9999389648438
1997-08-15,75,2,15.5
1997-08-18,4,10,220.0
1997-08-18,5,15,320.2500057220459
1997-08-18,22,40,840.0
1997-08-19,4,25,550.0
1997-08-19,11,10,210.0
1997-08-19,50,25,406.25
1997-08-19,56,60,2280.0
1997-08-19,58,6,79.5
1997-08-20,18,8,500.0
1997-08-20,45,20,190.0
1997-08-20,65,21,442.0499839782715
1997-08-20,72,60,2087.999954223633
1997-08-21,69,20,720.0
1997-08-21,70,15,225.0
1997-08-22,2,50,950.0
1997-08-22,21,30,300.0
1997-08-22,40,60,1103.9999771118164
1997-08-22,61,20,570.0
1997-08-25,18,4,250.0
1997-08-25,28,15,683.9999771118164
1997-08-25,39,21,378.0
1997-08-25,43,20,920.0
1997-08-25,46,23,276.0
1997-08-26,18,20,1250.0
1997-08-26,36,15,285.0
1997-08-27,1,15,270.0
1997-08-27,10,18,558.0
1997-08-27,19,30,275.9999942779541
1997-08-27,39,20,360.0
1997-08-27,71,30,645.0
1997-08-27,77,35,455.0
1997-08-28,22,15,315.0
1997-08-28,24,15,67.5
1997-08-28,28,20,911.9999694824219
1997-08-28,72,15,521.9999885559082
1997-08-29,30,30,776.6999816894531
1997-08-29,53,25,819.9999809265137
1997-08-29,54,30,223.4999942779541
1997-09-01,19,12,110.39999771118164
1997-09-01,22,20,420.0
1997-09-01,30,2,51.779998779296875
1997-09-01,42,20,280.0
1997-09-02,4,12,264.0
1997-09-02,16,30,523.5000228881836
1997-09-02,39,20,360.0
1997-09-02,54,6,44.69999885559082
1997-09-02,60,20,680.0
1997-09-03,41,20,192.99999237060547
1997-09-04,14,3,69.75
1997-09-04,15,50,775.0
1997-09-04,41,24,231.59999084472656
1997-09-04,44,28,544.6000213623047
1997-09-04,46,45,540.0
1997-09-04,47,16,152.0
1997-09-04,56,45,1710.0
1997-09-04,60,30,1020.0
1997-09-05,21,60,600.0
1997-09-05,31,20,250.0
1997-09-05,40,94,1729.5999641418457
1997-09-05,60,55,1870.0
1997-09-05,70,40,600.0
1997-09-05,77,70,910.0
1997-09-08,20,21,1701.0
1997-09-09,39,3,54.0
1997-09-09,58,49,649.25
1997-09-09,68,10,125.0
1997-09-10,10,24,744.0
1997-09-10,40,30,551.9999885559082
1997-09-10,42,30,420.0
1997-09-10,51,20,1060.0
1997-09-10,56,12,456.0
1997-09-10,65,15,315.7499885559082
1997-09-11,51,20,1060.0
1997-09-11,59,1,55.0
1997-09-11,76,10,180.0
1997-09-12,29,36,4456.440032958984
1997-09-12,65,10,210.49999237060547
1997-09-12,69,45,1620.0
1997-09-12,71,14,301.0
1997-09-15,31,8,100.0
1997-09-15,36,30,570.0
1997-09-15,55,4,96.0
1997-09-15,64,15,498.75
1997-09-16,23,32,288.0
1997-09-16,46,60,720.0
1997-09-16,67,25,350.0
1997-09-16,73,50,750.0
1997-09-16,75,25,193.75
1997-09-17,16,10,174.50000762939453
1997-09-17,38,15,3952.5
1997-09-17,62,10,492.99999237060547
1997-09-17,65,12,252.59999084472656
1997-09-17,71,12,258.0
1997-09-18,16,3,52.35000228881836
1997-09-18,23,5,45.0
1997-09-18,42,6,84.0
1997-09-18,43,6,276.0
1997-09-19,14,30,697.5
1997-09-19,53,10,327.99999237060547
1997-09-19,58,30,397.5
1997-09-22,10,2,62.0
1997-09-22,19,7,64.39999866485596
1997-09-22,26,30,936.8999862670898
1997-09-22,33,8,20.0
1997-09-22,44,21,408.4500160217285
1997-09-23,12,100,3800.0
1997-09-23,33,30,75.0
1997-09-23,41,120,1157.9999542236328
1997-09-23,54,30,223.4999942779541
1997-09-23,59,12,660.0
1997-09-24,16,50,872.5000381469727
1997-09-24,31,20,250.0
1997-09-24,42,40,560.0
1997-09-25,19,30,275.9999942779541
1997-09-25,21,12,120.0
1997-09-25,33,30,75.0
1997-09-25,64,28,931.0
1997-09-25,66,4,68.0
1997-09-25,75,30,232.5
1997-09-26,40,20,367.99999237060547
1997-09-26,47,40,380.0
1997-09-26,52,9,63.0
1997-09-26,60,30,1020.0
1997-09-29,10,20,620.0
1997-09-29,41,4,38.599998474121094
1997-09-29,47,15,142.5
1997-09-30,9,50,4850.0
1997-09-30,17,30,1170.0
1997-09-30,26,15,468.4499931335449
1997-09-30,29,10,1237.9000091552734
1997-09-30,36,6,114.0
1997-10-01,1,35,630.0
1997-10-01,10,18,558.0
1997-10-01,28,60,2735.9999084472656
1997-10-01,34,14,196.0
1997-10-02,56,20,760.0
1997-10-02,77,30,390.0
1997-10-03,1,30,540.0
1997-10-03,29,40,4951.600036621094
1997-10-03,43,40,1840.0
1997-10-03,44,24,466.8000183105469
1997-10-03,62,48,2366.3999633789062
1997-10-03,63,20,878.0000305175781
1997-10-06,7,90,2700.0
1997-10-06,9,6,582.0
1997-10-06,54,60,446.9999885559082
1997-10-06,59,25,1375.0
1997-10-06,69,30,1080.0
1997-10-06,70,50,750.0
1997-10-06,73,15,225.0
1997-10-07,8,10,400.0
1997-10-07,12,4,152.0
1997-10-07,24,20,90.0
1997-10-08,17,20,780.0
1997-10-08,19,7,64.39999866485596
1997-10-08,35,9,162.0
1997-10-08,46,18,216.0
1997-10-08,58,30,397.5
1997-10-08,70,30,450.0
1997-10-09,11,15,315.0
1997-10-09,17,8,312.0
1997-10-09,29,12,1485.4800109863281
1997-10-09,47,12,114.0
1997-10-09,65,65,1368.2499504089355
1997-10-09,70,8,120.0
1997-10-10,1,5,90.0
1997-10-10,34,12,168.0
1997-10-10,68,40,500.0
1997-10-10,71,60,1290.0
1997-10-13,3,6,60.0
1997-10-13,59,42,2310.0
1997-10-13,71,20,430.0
1997-10-13,76,50,900.0
1997-10-14,2,5,95.0
1997-10-14,4,6,132.0
1997-10-14,24,35,157.5
1997-10-14,48,24,306.0
1997-10-14,59,35,1925.0
1997-10-14,73,35,525.0
1997-10-15,31,20,250.0
1997-10-15,32,4,128.0
1997-10-16,16,20,349.00001525878906
1997-10-16,43,24,1104.0
1997-10-16,55,21,504.0
1997-10-16,57,40,780.0
1997-10-16,59,8,440.0
1997-10-16,70,28,420.0
1997-10-17,5,4,85.4000015258789
1997-10-17,8,40,1600.0
1997-10-17,36,5,95.0
1997-10-17,51,28,1484.0
1997-10-17,60,10,340.0
1997-10-20,19,5,45.999999046325684
1997-10-20,47,5,47.5
1997-10-21,19,12,110.39999771118164
1997-10-21,41,42,405.2999839782715
1997-10-21,53,123,4034.3999061584473
1997-10-21,56,30,1140.0
1997-10-22,2,30,570.0
1997-10-22,10,18,558.0
1997-10-22,17,27,1053.0
1997-10-22,26,30,936.8999862670898
1997-10-22,45,110,1045.0
1997-10-22,46,24,288.0
1997-10-22,47,50,475.0
1997-10-22,56,18,684.0
1997-10-22,58,12,159.0
1997-10-23,10,21,651.0
1997-10-23,71,30,645.0
1997-10-24,21,37,370.0
1997-10-24,51,7,371.0
1997-10-24,54,15,111.74999713897705
1997-10-24,61,10,285.0
1997-10-24,69,25,900.0
1997-10-27,12,36,1368.0
1997-10-27,16,20,349.00001525878906
1997-10-27,18,12,750.0
1997-10-27,30,3,77.66999816894531
1997-10-27,36,40,760.0
1997-10-27,54,40,297.99999237060547
1997-10-27,62,20,985.9999847412109
1997-10-28,35,21,378.0
1997-10-28,71,8,172.0
1997-10-29,2,3,57.0
1997-10-29,31,50,625.0
1997-10-29,44,50,972.5000381469727
1997-10-29,68,45,562.5
1997-10-29,75,42,325.5
1997-10-30,10,16,496.0
1997-10-30,26,15,468.4499931335449
1997-10-30,61,5,142.5
1997-10-31,41,12,115.79999542236328
1997-10-31,52,4,28.0
1997-10-31,55,6,144.0
1997-11-03,4,25,550.0
1997-11-03,11,5,105.0
1997-11-03,17,20,780.0
1997-11-03,56,10,380.0
1997-11-03,59,10,550.0
1997-11-04,1,50,900.0
1997-11-04,21,30,300.0
1997-11-04,30,15,388.34999084472656
1997-11-04,40,6,110.39999771118164
1997-11-04,50,40,650.0
1997-11-04,55,12,288.0
1997-11-04,60,15,510.0
1997-11-05,16,15,261.7500114440918
1997-11-05,31,3,37.5
1997-11-05,65,10,210.49999237060547
1997-11-06,21,40,400.0
1997-11-06,51,30,1590.0
1997-11-06,76,20,360.0
1997-11-07,6,30,750.0
1997-11-07,14,16,372.0
1997-11-07,28,20,911.9999694824219
1997-11-07,30,15,388.34999084472656
1997-11-07,52,25,175.0
1997-11-07,76,20,360.0
1997-11-10,61,20,570.0
1997-11-10,77,2,26.0
1997-11-11,13,4,24.0
1997-11-11,41,12,115.79999542236328
1997-11-11,65,40,841.9999694824219
1997-11-11,75,20,155.0
1997-11-12,16,3,52.35000228881836
1997-11-12,36,6,114.0
1997-11-12,52,18,126.0
1997-11-13,28,5,227.99999237060547
1997-11-13,35,35,630.0
1997-11-13,45,40,380.0
1997-11-13,56,14,532.0
1997-11-14,2,15,285.0
1997-11-14,3,20,200.0
1997-11-14,60,50,1700.0
1997-11-14,72,35,1217.9999732971191
1997-11-17,40,50,919.9999809265137
1997-11-17,46,28,336.0
1997-11-18,18,24,1500.0
1997-11-18,44,16,311.20001220703125
1997-11-18,59,45,2475.0
1997-11-18,72,7,243.59999465942383
1997-11-19,13,6,36.0
1997-11-19,31,8,100.0
1997-11-19,41,35,337.74998664855957
1997-11-19,42,28,392.0
1997-11-19,62,9,443.6999931335449
1997-11-19,63,9,395.10001373291016
1997-11-19,69,70,2520.0
1997-11-20,23,44,396.0
1997-11-20,40,40,735.9999847412109
1997-11-20,56,43,1634.0
1997-11-20,59,6,330.0
1997-11-20,76,10,180.0
1997-11-21,14,5,116.25
1997-11-21,45,40,380.0
1997-11-21,59,25,1375.0
1997-11-24,1,8,144.0
1997-11-24,26,12,374.75999450683594
1997-11-24,30,30,776.6999816894531
1997-11-24,50,20,325.0
1997-11-24,69,3,108.0
1997-11-24,73,15,225.0
1997-11-25,40,3,55.19999885559082
1997-11-25,45,4,38.0
1997-11-25,74,5,50.0
1997-11-26,47,30,285.0
1997-11-26,56,30,1140.0
1997-11-26,57,14,273.0
1997-11-26,69,25,900.0
1997-11-27,18,21,1312.5
1997-11-27,34,30,420.0
1997-11-27,36,20,380.0
1997-11-27,59,7,385.0
1997-11-27,62,30,1478.9999771118164
1997-11-27,64,24,798.0
1997-11-27,68,6,75.0
1997-11-27,69,20,720.0
1997-11-28,26,20,624.5999908447266
1997-11-28,32,10,320.0
1997-11-28,52,60,420.0
1997-11-28,70,40,600.0
1997-12-01,25,12,168.0
1997-12-01,27,40,1756.0000610351562
1997-12-01,43,30,1380.0
1997-12-02,25,35,490.0
1997-12-02,39,16,288.0
1997-12-02,47,30,285.0
1997-12-02,51,28,1484.0
1997-12-02,56,60,2280.0
1997-12-02,75,18,139.5
1997-12-03,3,20,200.0
1997-12-03,21,40,400.0
1997-12-03,22,6,126.0
1997-12-03,24,20,90.0
1997-12-03,39,130,2340.0
1997-12-04,65,80,1683.9999389648438
1997-12-05,2,40,760.0
1997-12-05,7,35,1050.0
1997-12-05,42,2,28.0
1997-12-05,68,40,500.0
1997-12-08,22,4,84.0
1997-12-08,31,50,625.0
1997-12-08,41,30,289.4999885559082
1997-12-08,52,15,105.0
1997-12-08,60,15,510.0
1997-12-08,61,20,570.0
1997-12-08,62,15,739.4999885559082
1997-12-08,71,12,258.0
1997-12-09,11,15,315.0
1997-12-10,29,18,2228.220016479492
1997-12-10,59,25,1375.0
1997-12-10,71,16,344.0
1997-12-11,17,33,1287.0
1997-12-11,31,72,900.0
1997-12-11,66,50,850.0
1997-12-11,75,7,54.25
1997-12-12,10,6,186.0
1997-12-12,67,3,42.0
1997-12-15,31,16,200.0
1997-12-15,42,32,448.0
1997-12-15,45,27,256.5
1997-12-15,51,120,6360.0
1997-12-16,16,20,349.00001525878906
1997-12-16,41,10,96.49999618530273
1997-12-16,62,20,985.9999847412109
1997-12-16,70,35,525.0
1997-12-16,77,15,195.0
1997-12-17,31,1,12.5
1997-12-17,54,3,22.34999942779541
1997-12-17,56,20,760.0
1997-12-17,74,35,350.0
1997-12-18,10,10,310.0
1997-12-18,31,10,125.0
1997-12-18,36,30,570.0
1997-12-18,38,5,1317.5
1997-12-18,39,2,36.0
1997-12-18,72,30,1043.9999771118164
1997-12-18,75,10,77.5
1997-12-19,2,15,285.0
1997-12-19,8,30,1200.0
1997-12-19,29,20,2475.800018310547
1997-12-19,30,15,388.34999084472656
1997-12-19,75,42,325.5
1997-12-22,7,3,90.0
1997-12-22,18,30,1875.0
1997-12-22,19,50,459.99999046325684
1997-12-22,35,15,270.0
1997-12-22,56,20,760.0
1997-12-22,63,30,1317.0000457763672
1997-12-22,68,18,225.0
1997-12-22,75,40,310.0
1997-12-23,2,10,190.0
1997-12-23,29,14,1733.0600128173828
1997-12-23,41,20,192.99999237060547
1997-12-23,54,3,22.34999942779541
1997-12-23,68,15,187.5
1997-12-24,14,15,348.75
1997-12-24,16,65,1134.2500495910645
1997-12-24,17,35,1365.0
1997-12-24,41,14,135.09999465942383
1997-12-24,52,8,56.0
1997-12-24,54,6,44.69999885559082
1997-12-25,11,20,420.0
1997-12-25,26,21,655.8299903869629
1997-12-25,44,10,194.50000762939453
1997-12-25,64,35,1163.75
1997-12-25,69,24,864.0
1997-12-26,11,50,1050.0
1997-12-26,13,20,120.0
1997-12-26,24,20,90.0
1997-12-26,51,10,530.0
1997-12-26,54,7,52.14999866485596
1997-12-26,59,25,1375.0
1997-12-26,62,2,98.5999984741211
1997-12-26,72,10,347.99999237060547
1997-12-29,17,40,1560.0
1997-12-29,29,20,2475.800018310547
1997-12-29,30,25,647.2499847412109
1997-12-29,51,30,1590.0
1997-12-29,55,60,1440.0
1997-12-29,62,5,246.49999618530273
1997-12-30,10,36,1116.0
1997-12-30,19,24,220.79999542236328
1997-12-30,25,15,210.0
1997-12-30,28,24,1094.3999633789062
1997-12-30,34,10,140.0
1997-12-30,38,10,2635.0
1997-12-30,49,4,80.0
1997-12-30,59,15,825.0
1997-12-31,2,20,380.0
1997-12-31,40,1,18.399999618530273
1997-12-31,65,2,42.099998474121094
1997-12-31,74,15,150.0
1998-01-01,13,7,42.0
1998-01-01,25,5,70.0
1998-01-01,52,20,140.0
1998-01-01,56,20,760.0
1998-01-01,70,5,75.0
1998-01-01,76,50,900.0
1998-01-02,19,15,137.99999713897705
1998-01-02,23,18,162.0
1998-01-02,31,16,200.0
1998-01-02,40,30,551.9999885559082
1998-01-02,72,40,1391.9999694824219
1998-01-02,77,20,260.0
1998-01-05,2,12,228.0
1998-01-05,33,16,40.0
1998-01-05,41,20,192.99999237060547
1998-01-05,43,20,920.0
1998-01-05,46,35,420.0
1998-01-05,48,8,102.0
1998-01-05,61,30,855.0
1998-01-06,26,40,1249.1999816894531
1998-01-06,38,60,15810.0
1998-01-06,40,60,1103.9999771118164
1998-01-06,62,45,2218.4999656677246
1998-01-07,32,20,640.0
1998-01-07,41,20,192.99999237060547
1998-01-07,43,7,322.0
1998-01-07,56,30,1140.0
1998-01-07,75,20,155.0
1998-01-08,35,20,360.0
1998-01-08,51,6,318.0
1998-01-08,62,3,147.89999771118164
1998-01-08,70,6,90.0
1998-01-09,11,20,420.0
1998-01-09,26,12,374.75999450683594
1998-01-09,41,12,115.79999542236328
1998-01-09,53,20,655.9999847412109
1998-01-09,57,15,292.5
1998-01-09,59,40,2200.0
1998-01-09,70,9,135.0
1998-01-09,77,15,195.0
1998-01-12,10,15,465.0
1998-01-12,31,35,437.5
1998-01-12,39,21,378.0
1998-01-12,57,15,292.5
1998-01-13,2,10,190.0
1998-01-13,6,6,150.0
1998-01-13,8,20,800.0
1998-01-13,13,10,60.0
1998-01-13,20,5,405.0
1998-01-13,38,2,527.0
1998-01-13,39,28,504.0
1998-01-13,60,51,1734.0
1998-01-13,68,24,300.0
1998-01-14,13,3,18.0
1998-01-14,19,2,18.399999618530273
1998-01-14,25,10,140.0
1998-01-14,35,8,144.0
1998-01-14,38,8,2108.0
1998-01-14,43,9,414.0
1998-01-14,44,16,311.20001220703125
1998-01-14,64,3,99.75
1998-01-15,7,20,600.0
1998-01-15,29,8,990.3200073242188
1998-01-15,30,20,517.7999877929688
1998-01-15,31,9,112.5
1998-01-15,53,9,295.1999931335449
1998-01-15,59,15,825.0
1998-01-15,77,2,26.0
1998-01-16,13,6,36.0
1998-01-16,22,52,1092.0
1998-01-16,35,6,108.0
1998-01-16,40,25,459.99999046325684
1998-01-16,47,40,380.0
1998-01-16,57,24,468.0
1998-01-16,60,60,2040.0
1998-01-16,64,30,997.5
1998-01-16,76,21,378.0
1998-01-19,1,4,72.0
1998-01-19,18,25,1562.5
1998-01-19,25,6,84.0
1998-01-19,36,50,950.0
1998-01-19,39,10,180.0
1998-01-19,58,30,397.5
1998-01-19,72,15,521.9999885559082
1998-01-20,10,16,496.0
1998-01-20,11,15,315.0
1998-01-20,43,5,230.0
1998-01-20,56,30,1140.0
1998-01-20,59,50,2750.0
1998-01-20,68,20,250.0
1998-01-20,70,12,180.0
1998-01-20,77,15,195.0
1998-01-21,22,35,735.0
1998-01-21,23,70,630.0
1998-01-21,35,25,450.0
1998-01-21,42,42,588.0
1998-01-21,51,4,212.0
1998-01-21,58,60,795.0
1998-01-21,64,48,1596.0
1998-01-22,1,80,1440.0
1998-01-22,4,21,462.0
1998-01-22,19,12,110.39999771118164
1998-01-22,37,60,1560.0
1998-01-22,45,36,342.0
1998-01-22,60,45,1530.0
1998-01-22,70,30,450.0
1998-01-22,71,55,1182.5
1998-01-22,74,20,200.0
1998-01-23,3,49,490.0
1998-01-23,5,30,640.5000114440918
1998-01-23,9,3,291.0
1998-01-23,25,20,280.0
1998-01-23,26,18,562.1399917602539
1998-01-23,33,4,10.0
1998-01-23,70,30,450.0
1998-01-26,2,20,380.0
1998-01-26,17,6,234.0
1998-01-26,25,10,140.0
1998-01-26,57,10,195.0
1998-01-26,59,42,2310.0
1998-01-26,62,50,2464.9999618530273
1998-01-27,10,100,3100.0
1998-01-27,13,65,390.0
1998-01-27,16,50,872.5000381469727
1998-01-27,18,10,625.0
1998-01-27,31,14,175.0
1998-01-27,56,24,912.0
1998-01-27,65,15,315.7499885559082
1998-01-28,2,20,380.0
1998-01-28,3,30,300.0
1998-01-28,26,35,1093.0499839782715
1998-01-28,29,10,1237.9000091552734
1998-01-28,42,20,280.0
1998-01-29,7,5,150.0
1998-01-29,24,40,180.0
1998-01-29,27,10,439.00001525878906
1998-01-29,51,3,159.0
1998-01-29,54,35,260.7499933242798
1998-01-29,64,30,997.5
1998-01-29,70,4,60.0
1998-01-29,76,20,360.0
1998-01-30,11,25,525.0
1998-01-30,17,42,1638.0
1998-01-30,18,20,1250.0
1998-01-30,21,40,400.0
1998-01-30,33,35,87.5
1998-01-30,52,8,56.0
1998-01-30,62,3,147.89999771118164
1998-02-02,1,20,360.0
1998-02-02,35,4,72.0
1998-02-02,38,60,15810.0
1998-02-02,39,80,1440.0
1998-02-02,58,12,159.0
1998-02-02,67,15,210.0
1998-02-03,2,21,399.0
1998-02-03,24,6,27.0
1998-02-03,30,40,1035.5999755859375
1998-02-03,53,3,98.39999771118164
1998-02-04,1,40,720.0
1998-02-04,11,10,210.0
1998-02-04,23,50,450.0
1998-02-04,26,20,624.5999908447266
1998-02-04,35,33,594.0
1998-02-04,49,42,840.0
1998-02-04,51,2,106.0
1998-02-04,68,20,250.0
1998-02-05,6,50,1250.0
1998-02-05,16,12,209.40000915527344
1998-02-05,17,16,624.0
1998-02-05,55,10,240.0
1998-02-05,62,20,985.9999847412109
1998-02-05,64,15,498.75
1998-02-05,65,21,442.0499839782715
1998-02-06,10,10,310.0
1998-02-06,19,25,229.99999523162842
1998-02-06,21,20,200.0
1998-02-06,28,3,136.79999542236328
1998-02-06,47,21,199.5
1998-02-06,49,15,300.0
1998-02-09,16,30,523.5000228881836
1998-02-09,18,25,1562.5
1998-02-09,46,21,252.0
1998-02-09,64,20,665.0
1998-02-10,20,20,1620.0
1998-02-10,23,30,270.0
1998-02-10,40,12,220.79999542236328
1998-02-10,61,30,855.0
1998-02-10,65,10,210.49999237060547
1998-02-10,70,50,750.0
1998-02-10,76,10,180.0
1998-02-11,42,25,350.0
1998-02-11,49,20,400.0
1998-02-11,54,32,238.39999389648438
1998-02-11,73,10,150.0
1998-02-12,2,20,380.0
1998-02-12,21,40,400.0
1998-02-12,24,20,90.0
1998-02-12,56,21,798.0
1998-02-12,65,12,252.59999084472656
1998-02-12,70,30,450.0
1998-02-12,77,25,325.0
1998-02-13,10,70,2170.0
1998-02-13,25,5,70.0
1998-02-13,31,35,437.5
1998-02-13,77,40,520.0
1998-02-16,2,20,380.0
1998-02-16,11,40,840.0
1998-02-16,17,15,585.0
1998-02-16,34,10,140.0
1998-02-16,38,40,10540.0
1998-02-16,41,14,135.09999465942383
1998-02-16,68,18,225.0
1998-02-17,30,15,388.34999084472656
1998-02-17,59,40,2200.0
1998-02-18,8,30,1200.0
1998-02-18,13,28,168.0
1998-02-18,24,120,540.0
1998-02-18,29,24,2970.9600219726562
1998-02-18,30,35,906.1499786376953
1998-02-18,36,20,380.0
1998-02-18,39,45,810.0
1998-02-18,40,91,1674.3999652862549
1998-02-18,60,100,3400.0
1998-02-18,69,50,1800.0
1998-02-18,75,120,930.0
1998-02-19,29,80,9903.200073242188
1998-02-19,30,36,932.0399780273438
1998-02-19,45,15,142.5
1998-02-19,56,16,608.0
1998-02-20,13,5,30.0
1998-02-20,39,8,144.0
1998-02-20,70,3,45.0
1998-02-23,41,30,289.4999885559082
1998-02-23,55,30,720.0
1998-02-23,62,6,295.7999954223633
1998-02-23,71,30,645.0
1998-02-24,1,20,360.0
1998-02-24,13,40,240.0
1998-02-24,58,15,198.75
1998-02-24,62,35,1725.4999732971191
1998-02-24,65,21,442.0499839782715
1998-02-24,68,20,250.0
1998-02-25,61,15,427.5
1998-02-25,75,14,108.5
1998-02-26,1,10,180.0
1998-02-26,4,30,660.0
1998-02-26,7,32,960.0
1998-02-26,11,40,840.0
1998-02-26,16,15,261.7500114440918
1998-02-26,17,12,468.0
1998-02-26,19,12,110.39999771118164
1998-02-26,29,60,7427.400054931641
1998-02-26,33,40,100.0
1998-02-26,41,5,48.24999809265137
1998-02-26,49,10,200.0
1998-02-26,52,14,98.0
1998-02-26,58,15,198.75
1998-02-26,61,5,142.5
1998-02-26,67,15,210.0
1998-02-27,16,6,104.70000457763672
1998-02-27,17,10,390.0
1998-02-27,32,6,192.0
1998-02-27,33,30,75.0
1998-02-27,54,10,74.49999809265137
1998-02-27,57,20,390.0
1998-02-27,71,25,537.5
1998-03-02,1,60,1080.0
1998-03-02,16,24,418.8000183105469
1998-03-02,25,24,336.0
1998-03-02,30,1,25.889999389648438
1998-03-02,40,20,367.99999237060547
1998-03-02,60,35,1190.0
1998-03-03,17,15,585.0
1998-03-03,24,35,157.5
1998-03-03,35,10,180.0
1998-03-03,42,10,140.0
1998-03-03,43,10,460.0
1998-03-03,50,24,390.0
1998-03-03,63,40,1756.0000610351562
1998-03-03,67,24,336.0
1998-03-04,10,20,620.0
1998-03-04,11,2,42.0
1998-03-04,13,10,60.0
1998-03-04,19,7,64.39999866485596
1998-03-04,28,30,1367.9999542236328
1998-03-04,36,25,475.0
1998-03-04,52,12,84.0
1998-03-04,72,10,347.99999237060547
1998-03-04,75,6,46.5
1998-03-05,20,5,405.0
1998-03-05,21,60,600.0
1998-03-05,47,5,47.5
1998-03-05,52,5,35.0
1998-03-05,75,49,379.75
1998-03-05,76,25,450.0
1998-03-05,77,15,195.0
1998-03-06,13,42,252.0
1998-03-06,16,30,523.5000228881836
1998-03-06,21,36,360.0
1998-03-06,27,25,1097.5000381469727
1998-03-06,53,2,65.5999984741211
1998-03-06,55,25,600.0
1998-03-06,57,30,585.0
1998-03-06,58,30,397.5
1998-03-06,61,30,855.0
1998-03-06,62,14,690.1999893188477
1998-03-06,72,16,556.7999877929688
1998-03-06,75,20,155.0
1998-03-09,1,21,378.0
1998-03-09,6,20,500.0
1998-03-09,18,4,250.0
1998-03-09,23,8,72.0
1998-03-09,36,30,570.0
1998-03-10,2,10,190.0
1998-03-10,13,20,120.0
1998-03-10,28,8,364.79998779296875
1998-03-10,34,20,280.0
1998-03-10,43,24,1104.0
1998-03-10,60,49,1666.0
1998-03-10,67,40,560.0
1998-03-10,71,35,752.5
1998-03-11,7,8,240.0
1998-03-11,13,35,210.0
1998-03-11,22,21,441.0
1998-03-11,31,44,550.0
1998-03-11,46,15,180.0
1998-03-11,49,28,560.0
1998-03-11,62,30,1478.9999771118164
1998-03-11,68,80,1000.0
1998-03-11,72,50,1739.9999618530273
1998-03-12,10,25,775.0
1998-03-12,11,5,105.0
1998-03-12,13,20,120.0
1998-03-12,24,25,112.5
1998-03-12,31,10,125.0
1998-03-12,44,18,350.10001373291016
1998-03-12,56,18,684.0
1998-03-12,77,40,520.0
1998-03-13,6,12,300.0
1998-03-13,10,30,930.0
1998-03-13,17,6,234.0
1998-03-13,50,9,146.25
1998-03-13,51,40,2120.0
1998-03-13,55,4,96.0
1998-03-13,59,4,220.0
1998-03-13,62,60,2957.999954223633
1998-03-16,4,5,110.0
1998-03-16,6,16,400.0
1998-03-16,20,50,4050.0
1998-03-16,28,2,91.19999694824219
1998-03-16,31,50,625.0
1998-03-16,33,15,37.5
1998-03-16,41,6,57.89999771118164
1998-03-16,75,50,387.5
1998-03-17,16,28,488.6000213623047
1998-03-17,21,12,120.0
1998-03-17,31,25,312.5
1998-03-17,45,30,285.0
1998-03-17,47,14,133.0
1998-03-17,51,8,424.0
1998-03-17,60,24,816.0
1998-03-17,75,12,93.0
1998-03-18,5,20,427.00000762939453
1998-03-18,7,6,180.0
1998-03-18,30,30,776.6999816894531
1998-03-18,35,40,720.0
1998-03-18,64,8,266.0
1998-03-18,72,5,173.99999618530273
1998-03-18,75,20,155.0
1998-03-19,7,45,1350.0
1998-03-19,13,77,462.0
1998-03-19,24,10,45.0
1998-03-19,41,24,231.59999084472656
1998-03-19,52,6,42.0
1998-03-19,53,20,655.9999847412109
1998-03-19,60,2,68.0
1998-03-19,69,9,324.0
1998-03-19,76,104,1872.0
1998-03-20,18,6,375.0
1998-03-20,37,8,208.0
1998-03-20,38,5,1317.5
1998-03-20,51,16,848.0
1998-03-20,56,12,456.0
1998-03-20,62,12,591.5999908447266
1998-03-20,69,10,360.0
1998-03-23,12,30,1140.0
1998-03-23,19,12,110.39999771118164
1998-03-23,24,30,135.0
1998-03-23,46,9,108.0
1998-03-23,49,40,800.0
1998-03-23,64,4,133.0
1998-03-24,17,6,234.0
1998-03-24,26,5,156.14999771118164
1998-03-24,29,14,1733.0600128173828
1998-03-24,33,7,17.5
1998-03-24,41,6,57.89999771118164
1998-03-24,52,40,280.0
1998-03-24,75,10,77.5
1998-03-25,8,16,640.0
1998-03-25,28,20,911.9999694824219
1998-03-25,63,10,439.00001525878906
1998-03-25,75,10,77.5
1998-03-26,7,18,540.0
1998-03-26,8,20,800.0
1998-03-26,12,20,760.0
1998-03-26,21,40,400.0
1998-03-26,24,80,360.0
1998-03-26,27,30,1317.0000457763672
1998-03-26,31,24,300.0
1998-03-26,39,30,540.0
1998-03-26,40,10,183.99999618530273
1998-03-26,44,6,116.70000457763672
1998-03-26,47,30,285.0
1998-03-26,51,10,530.0
1998-03-26,63,55,2414.50008392334
1998-03-27,7,20,600.0
1998-03-27,13,84,504.0
1998-03-27,38,60,15810.0
1998-03-27,43,9,414.0
1998-03-27,57,15,292.5
1998-03-27,75,40,310.0
1998-03-30,11,30,630.0
1998-03-30,16,91,1587.9500694274902
1998-03-30,18,8,500.0
1998-03-30,20,15,1215.0
1998-03-30,24,20,90.0
1998-03-30,32,35,1120.0
1998-03-30,36,40,760.0
1998-03-30,76,10,180.0
1998-03-30,77,15,195.0
1998-03-31,6,40,1000.0
1998-03-31,7,120,3600.0
1998-03-31,11,15,315.0
1998-03-31,41,4,38.599998474121094
1998-03-31,43,6,276.0
1998-03-31,62,40,1971.9999694824219
1998-03-31,72,20,695.9999847412109
1998-04-01,2,50,950.0
1998-04-01,21,65,650.0
1998-04-01,29,50,6189.500045776367
1998-04-01,34,60,840.0
1998-04-01,41,35,337.74998664855957
1998-04-01,55,65,1560.0
1998-04-01,61,66,1881.0
1998-04-01,70,20,300.0
1998-04-01,72,2,69.5999984741211
1998-04-01,76,90,1620.0
1998-04-02,42,40,560.0
1998-04-02,51,20,1060.0
1998-04-02,59,18,990.0
1998-04-02,60,4,136.0
1998-04-03,24,12,54.0
1998-04-03,32,50,1600.0
1998-04-03,41,20,192.99999237060547
1998-04-03,46,20,240.0
1998-04-03,51,15,795.0
1998-04-03,52,20,140.0
1998-04-03,61,7,199.5
1998-04-03,74,20,200.0
1998-04-03,75,30,232.5
1998-04-03,77,21,273.0
1998-04-06,1,4,72.0
1998-04-06,4,25,550.0
1998-04-06,7,60,1800.0
1998-04-06,13,56,336.0
1998-04-06,22,25,525.0
1998-04-06,24,30,135.0
1998-04-06,35,15,270.0
1998-04-06,40,10,183.99999618530273
1998-04-06,42,24,336.0
1998-04-06,46,25,300.0
1998-04-06,52,10,70.0
1998-04-06,55,46,1104.0
1998-04-06,77,30,390.0
1998-04-07,1,10,180.0
1998-04-07,26,6,187.37999725341797
1998-04-07,29,2,247.5800018310547
1998-04-07,59,10,550.0
1998-04-07,76,6,108.0
1998-04-08,8,30,1200.0
1998-04-08,24,12,54.0
1998-04-08,28,70,3191.9998931884766
1998-04-08,29,10,1237.9000091552734
1998-04-08,34,90,1260.0
1998-04-08,36,18,342.0
1998-04-08,42,14,196.0
1998-04-08,60,9,306.0
1998-04-08,71,21,451.5
1998-04-09,7,20,600.0
1998-04-09,19,50,459.99999046325684
1998-04-09,23,10,90.0
1998-04-09,24,10,45.0
1998-04-09,42,4,56.0
1998-04-09,45,20,190.0
1998-04-09,58,40,530.0
1998-04-09,60,36,1224.0
1998-04-09,68,2,25.0
1998-04-09,71,80,1720.0
1998-04-10,30,15,388.34999084472656
1998-04-10,31,15,187.5
1998-04-10,36,16,304.0
1998-04-10,41,28,270.19998931884766
1998-04-10,77,18,234.0
1998-04-13,3,25,250.0
1998-04-13,12,20,760.0
1998-04-13,18,10,625.0
1998-04-13,46,3,36.0
1998-04-13,49,2,40.0
1998-04-13,56,5,190.0
1998-04-13,59,110,6050.0
1998-04-13,70,30,450.0
1998-04-14,2,11,209.0
1998-04-14,7,4,120.0
1998-04-14,10,24,744.0
1998-04-14,19,35,321.9999933242798
1998-04-14,20,15,1215.0
1998-04-14,26,63,1967.4899711608887
1998-04-14,43,30,1380.0
1998-04-14,51,44,2332.0
1998-04-14,69,30,1080.0
1998-04-14,72,35,1217.9999732971191
1998-04-15,1,10,180.0
1998-04-15,13,20,120.0
1998-04-15,18,8,500.0
1998-04-15,26,12,374.75999450683594
1998-04-15,33,30,75.0
1998-04-15,51,10,530.0
1998-04-15,65,21,442.0499839782715
1998-04-15,71,50,1075.0
1998-04-16,24,30,135.0
1998-04-16,55,35,840.0
1998-04-16,56,20,760.0
1998-04-16,59,24,1320.0
1998-04-16,62,21,1035.2999839782715
1998-04-16,63,12,526.8000183105469
1998-04-17,1,45,810.0
1998-04-17,2,100,1900.0
1998-04-17,5,70,1494.5000267028809
1998-04-17,13,80,480.0
1998-04-17,24,21,94.5
1998-04-17,29,60,7427.400054931641
1998-04-17,36,35,665.0
1998-04-17,38,25,6587.5
1998-04-17,53,70,2295.9999465942383
1998-04-17,59,130,7150.0
1998-04-17,64,20,665.0
1998-04-17,69,36,1296.0
1998-04-17,71,16,344.0
1998-04-20,1,10,180.0
1998-04-20,13,7,42.0
1998-04-20,21,15,150.0
1998-04-20,35,60,1080.0
1998-04-20,42,30,420.0
1998-04-20,44,12,233.40000915527344
1998-04-20,54,10,74.49999809265137
1998-04-20,59,30,1650.0
1998-04-20,61,6,171.0
1998-04-21,28,20,911.9999694824219
1998-04-21,35,24,432.0
1998-04-21,40,5,91.99999809265137
1998-04-21,49,60,1200.0
1998-04-21,52,2,14.0
1998-04-21,57,28,546.0
1998-04-21,70,4,60.0
1998-04-21,71,30,645.0
1998-04-22,2,30,570.0
1998-04-22,11,10,210.0
1998-04-22,21,20,200.0
1998-04-22,44,15,291.7500114440918
1998-04-22,61,4,114.0
1998-04-22,63,30,1317.0000457763672
1998-04-23,12,20,760.0
1998-04-23,32,15,480.0
1998-04-23,33,15,37.5
1998-04-23,35,18,324.0
1998-04-23,51,24,1272.0
1998-04-23,62,12,591.5999908447266
1998-04-24,1,25,450.0
1998-04-24,2,10,190.0
1998-04-24,5,30,640.5000114440918
1998-04-24,12,4,152.0
1998-04-24,68,42,525.0
1998-04-27,18,35,2187.5
1998-04-27,24,10,45.0
1998-04-27,32,20,640.0
1998-04-27,43,30,1380.0
1998-04-27,61,10,285.0
1998-04-27,64,25,831.25
1998-04-27,76,50,900.0
1998-04-28,7,40,1200.0
1998-04-28,24,15,67.5
1998-04-28,25,15,210.0
1998-04-28,33,10,25.0
1998-04-28,51,20,1060.0
1998-04-28,55,35,840.0
1998-04-28,57,20,390.0
1998-04-28,60,50,1700.0
1998-04-28,67,20,280.0
1998-04-29,13,30,180.0
1998-04-29,17,12,468.0
1998-04-29,21,3,30.0
1998-04-29,60,56,1904.0
1998-04-29,61,4,114.0
1998-04-29,70,3,45.0
1998-04-30,34,30,420.0
1998-04-30,40,40,735.9999847412109
1998-04-30,41,30,289.4999885559082
1998-04-30,53,10,327.99999237060547
1998-04-30,60,19,646.0
1998-04-30,70,12,180.0
1998-04-30,77,10,130.0
1998-05-01,16,3,52.35000228881836
1998-05-01,17,77,3003.0
1998-05-01,19,42,386.39999198913574
1998-05-01,30,4,103.55999755859375
1998-05-01,34,35,490.0
1998-05-01,41,12,115.79999542236328
1998-05-01,53,25,819.9999809265137
1998-05-01,54,20,148.99999618530273
1998-05-01,55,4,96.0
1998-05-01,68,55,687.5
1998-05-04,28,8,364.79998779296875
1998-05-04,39,20,360.0
1998-05-04,41,9,86.84999656677246
1998-05-04,43,36,1656.0
1998-05-04,77,28,364.0
1998-05-05,1,40,720.0
1998-05-05,2,28,532.0
1998-05-05,7,15,450.0
1998-05-05,11,10,210.0
1998-05-05,13,10,60.0
1998-05-05,16,30,523.5000228881836
1998-05-05,24,20,90.0
1998-05-05,31,20,250.0
1998-05-05,41,40,385.99998474121094
1998-05-05,50,22,357.5
1998-05-05,64,130,4322.5
1998-05-06,2,34,646.0
1998-05-06,3,4,40.0
1998-05-06,4,1,22.0
1998-05-06,6,21,525.0
1998-05-06,7,1,30.0
1998-05-06,8,2,80.0
1998-05-06,10,1,31.0
1998-05-06,12,2,76.0
1998-05-06,13,4,24.0
1998-05-06,14,21,488.25
1998-05-06,16,16,279.20001220703125
1998-05-06,19,10,91.99999809265137
1998-05-06,20,1,81.0
1998-05-06,23,2,18.0
1998-05-06,32,1,32.0
1998-05-06,39,2,36.0
1998-05-06,41,3,28.94999885559082
1998-05-06,46,33,396.0
1998-05-06,52,2,14.0
1998-05-06,55,2,48.0
1998-05-06,60,2,68.0
1998-05-06,64,2,66.5
1998-05-06,66,1,17.0
1998-05-06,73,2,30.0
1998-05-06,75,4,31.0
1998-05-06,76,2,36.0
1998-05-06,77,2,26.0
